ON,$ON
AUTOMATIC_ADJUSTMENT,AAJ
#ABBREVIATION,AB
AMERICAN_BANK_ASSOCIATION,ABA
AGING_BAND,ABD
ABEND,ABE
ACTIVITY_BLOCKING,ABG
AVERAGE_BACK,ABK
ABSOLUTE,ABL
ABNORMAL,ABN
ABORT,ABO
ABSORPTION,ABP
ABBREVIATED,ABR
ABBREVIATION,ABR
ABSENCE,ABS
ABSTRACT,ABT
ACTION_BAR,ACB
ACCOUNT,ACC
ACCUMULATED,ACD
ACCOUNTING,ACG
ACTIVE,ACI
ACKNOWLEDGE,ACK
ACKNOWLEDGEMENT,ACK
ACCELERATION,ACL
ACCUMULATION,ACM
ACCOMPANYING,ACO
ACCEPT,ACP
ACCEPTANCE,ACP
ACCEPTED,ACP
ACCRUAL,ACR
ACCRUED,ACR
ACCESS,ACS
ACTION,ACT
AVERAGE_CURRENT,ACU
ACCRUAL_RECOVERY,ACV
ACCOUNT_WITH,ACW
AUTO_CALL_DISTRIBUTION,ACX
#ADDRESS,AD
ADDRESS_DATABASE,ADB
ADVANCE,ADC
ADVANCED,ADC
ADDRESS,ADD
ADDRESSING,ADD
ADDENDUM,ADE
ADHERENT,ADH
ADJUST,ADJ
ADJUSTED,ADJ
ADJUSTMENT,ADJ
ADDITIONAL,ADL
ADMINISTRATIVE,ADM
ADMINISTRATOR,ADM
ABANDON,ADN
AVIS_D_OPERE,ADO
ADDITIONAL_PROCESSING,ADP
ADEQUACY,ADQ
ADDITIONAL_SCENARIO,ADS
ADVICE,ADV
ADVISED,ADV
AREA,AEA
AFTER_EXCHANGE,AEX
AFTER_CHAINING,AFC
AFFECTED,AFE
AFFIDAVIT,AFF
AFFILIATION,AFL
AFTERNOON,AFN
AFTER,AFT
AGENDA,AGD
AGE,AGE
AGING,AGE
AGENCY_FEES,AGF
AGGREGATE,AGG
AGGREGATED,AGG
AGGREGATION,AGG
AGE_LIMIT,AGL
AGREEMENT,AGR
AGENCY,AGT
AGENT,AGT
#ACCRUED_INTEREST,AI
AIBD,AIB
ACCRUED_INTEREST_DAY,AID
ACTUAL_INTERNAL_EXECUTION,AIE
ACCRUED_INTEREST,AIT
GERMAN_KASSENVEREIN,AKV
ALLOCATION_BASIS,ALB
ALLOCATE,ALC
ALLOCATED,ALC
ALLOCATION,ALC
ALIVE,ALE
ALGORITHM,ALG
ALIAS,ALI
ALL,ALL
ALARM,ALM
ALIGNMENT,ALN
ALLOTMENT,ALO
ALPHA,ALP
ALPS,ALS
ALTERNATE,ALT
ALTERNATIVE,ALT
ALLOWED_VARIANCE,ALV
ALLOW,ALW
ALLOWED,ALW
#AMOUNT,AM
AMERICA,AMA
AMERICAN,AMA
AMENDMENT,AMD
ACCOUNT_MOVEMENTS_INPUT,AMI
ACTIVITY_MESSAGE,AMS
AMOUNT,AMT
AGGREGATE_MARGIN_VALUE,AMV
ANALYST,ANA
ALLOCATED_NEW_BORROWING,ANB
AND,AND
ANNUAL,ANL
ANNOUNCED,ANO
ANNOUNCEMENT,ANO
ANALYSIS,ANS
ANTICIPATED,ANT
ANNIVERSARY,ANV
ANSWER,ANW
ANNEX,ANX
ANY,ANY
ACTION_ON_ASSETS,AOA
APPROVED_BY,APB
APPROVER,APB
ACTIVITY_PROCEED,APC
ACTIVE_PERIOD,APD
ANTE_PENULTIMATE,APE
APRIL,API
APPLICABILITY,APL
APPLICABLE,APL
APPLICATION,APL
APPLIED,APL
APPLICATION_PROJECT_MGNT,APM
APPOINT,APO
ACTUAL_PURCHASE_PRICE,APP
APPRECIATION,APR
ACCOUNTS_PAYABLE_SYSTEM,APS
APPLICATION_UNIT,APU
APPROVAL,APV
APPROVED,APV
APPENDIX,APX
AGAINST_PAYMENT,APY
ARGUMENT,ARG
ARCHIVE,ARH
ARCHIVES,ARH
ARCHIVING,ARH
AIRPORT,ARP
ARRIVAL,ARR
AFTER_REVALUATION,ARV
ALREADY,ARY
ASIA,ASA
ASIAN,ASA
ASYNCHRONOUS,ASC
ADDRESSEE,ASE
AS_OF,ASF
ASSIGNED,ASG
ASSIGNMENT,ASG
ASSISTANT,ASI
ASK,ASK
AUTOSELECT,ASL
ASSESSMENT,ASM
REPLICATION_CONTROL,ASN
ASSOCIATE,ASO
ASSOCIATED,ASO
ASSOCIATION,ASO
ACTIVE_SERVER_PAGE,ASP
AT_SOURCE,ASR
ASSET,ASS
AGGREGATED_STATUS,AST
ASSUMPTION,ASU
AUSTRALIA,ATA
ATOMIC,ATC
APPLICATION_ON_TANDEM,ATD
ATTENDANCE,ATE
ATTENDED,ATE
AUTHENTICATION,ATH
ACTUAL,ATL
AUTOMATIC,ATM
ATTENTION,ATN
ATTORNEY,ATO
AT_QUEUE,ATQ
ATTRIBUTE,ATR
ATTRIBUTION,ATR
ATTESTATION,ATS
ATTACH,ATT
ATTACHED,ATT
AST_TOUCH_EXTENSION,ATX
ACTIVITY,ATY
AMORTIZEMENT,ATZ
AUTOMATIC_BORROWING,AUB
AUCTION,AUC
AUDIT,AUD
AUGUST,AUG
ALREADY_USED_IN,AUI
ACTIVITY_UPDATE,AUP
AUTHORIZATION,AUS
AUTHORITY,AUT
AVAILABILITY,AVB
AVAILABLE,AVB
AVERAGE,AVG
AWAY,AWA
ANSWERBACK,AWB
AWARD,AWD
ACTIVITY_WINDOW,AWW
APPROXIMATE,AXM
ACTIVITY_EXERCISE,AXR
AXIS,AXS
AUTHORIZER,AZR
BANK_ACCOUNT,BAC
BAND,BAD
BASIS_DATE,BAD
BALANCE,BAL
BALANCED,BAL
BALANCING,BAL
BOND_AND_OTHER,BAO
BASIC_POINT,BAP
BATCH_REPORTING,BAR
BASIS,BAS
BIG_BANG,BBG
BELGIAN_BANK_OFFICE,BBO
BULLETIN_BOARD,BBS
BULLETIN_BOARD_SYSTEM,BBS
BARCODE,BCD
BATCH,BCH
$BACK,BCK
BACHMAN,BCM
BACKOUT,BCO
BASE_CURRENCY,BCR
BATCH_CONTROL_SYSTEM,BCS
BUCKET,BCT
BACK_VALUATION,BCV
BACK_VALUE,BCV
BUDGET,BDG
BONDLENDING,BDL
BORDER,BDR
BLOCKING_DATE,BDT
BEARER,BEA
BELGIAN_FRANCS,BEF
BEGINNING,BEG
BELGIUM,BEL
BESS,BES
BEFORE_CHAINING,BFC
BUSINESS_FUNCTION,BFN
BEFORE,BFO
BUFFERPOOL,BFP
BENEFIT,BFT
BARGAIN,BGN
BEHAVIOUR,BHV
BANK_IDENTIFIER_CODE,BIC
BID,BID
BIND,BIN
BINDING,BIN
BANKERS_ALMANAC,BKA
BOOKED,BKD
BOOKING,BKD
BANK_FILE,BKF
BACKGROUND,BKG
BACKLOG,BKL
BANK_ORDER,BKO
BOOKKEEPING,BKP
BROKER,BKR
BOOK_TRANSFER,BKT
BACKUP,BKU
#BALANCE,BL
BLANK,BLA
BUILD,BLD
BUILDING,BLD
BILLING,BLG
BLOCK,BLK
BLOCKAGE,BLK
BLOCKED,BLK
BLOCKING,BLK
BULLET,BLL
BUSINESS_LOGIC_MANAGER,BLM
BALANCE_SHEET,BLS
SEC_BLOCK_TRANSACTION,BLT
BLOX,BLX
BATCH_MAINFRAME_INTERFACE,BMI
BENCHMARK,BMK
BUMPER,BMP
BELGIAN_NATIONAL_BANK,BNB
BOND,BND
BENEFICIARY,BNF
BEING,BNG
BANK,BNK
BANKING,BNK
BUNDLE,BNL
BUNDLED,BNL
BUNDLING,BNL
BONDS_NUMBERING_SYSTEM,BNS
#BINARY_OBJECT,BO
BOOK,BOO
BORROW,BOR
BORROWING,BOR
BUSINESS_OUTPUT,BOU
BOX,BOX
BIPARTY_REPO,BPR
BONDLENDING_POSITION,BPS
BRANCH,BRA
BRADY_BOND,BRB
BREAKDOWN,BRD
BREAK,BRE
BRIDGE,BRG
BRACKET,BRK
BEARING,BRN
BROCHURE,BRO
BORROWER,BRR
BEFORE_REVALUATION,BRV
BORROWED,BRW
BASIC,BSC
BASE,BSD
BASED,BSD
BASE_INDEX,BSI
BASKET,BSK
BASELINE,BSL
BASIS_POINT,BSP
BISYNCHRONOUS,BSR
BEFORE_SECOND_WORKING_DAY,BSW
BUSY,BSY
BIRTH,BTH
BOTTOM,BTM
BUTTON,BTN
BUSINESS_TRANSACTION,BTR
BOOTSTRAP,BTS
BUFFER,BUF
BUILDER,BUI
BULLION,BUL
BUSINESS_UNIT,BUN
BUSINESS,BUS
BUY,BUY
BUYING,BUY
BOND_VALUE_ESTIMATION,BVE
BIPARTY_WEB,BWB
BROWSE,BWS
BACKUP_WITHHOLDING_TAX,BWT
BRUSSELS,BXL
BY_ORDER_OF,BYO
BYPASS,BYP
BUYER,BYR
BYTE,BYT
CABLE,CAB
CASH_COLLATERAL,CAC
CALENDAR_DAYS,CAD
CREDIT_AGREEMENT,CAG
CALCULATED,CAL
CALCULATION,CAL
CANCEL,CAN
CANCELLATION,CAN
CANCELLED,CAN
CAPTION,CAO
CAPITAL,CAP
CALENDAR,CAR
CASE,CAS
CATEGORY,CAT
CAPTURE,CAU
CALCULATION_VALUE,CAV
CA7,CA7
CENTRAL_BANK,CBA
CLIC,CBC
CONTABILE,CBE
COMBINATION_GROUP,CBG
CROSS_BORDER_INSTRUCTION,CBI
CALLBACK,CBK
CASH_BALANCE,CBL
CENTRAL_BANK_MONEY,CBM
COMBINATION,CBN
COMBO,CBN
CROSS_BORDER,CBO
CEDEL_BRIDGE,CBR
CLEARSTREAM_BRIDGE,CBR
COUNTRY_CEILINGS_BONDS,CCB
CREDIT_CASH_COLLATERAL,CCC
CONCERNED,CCD
CONTACT_CENTER,CCE
COACH,CCH
COUNCIL,CCL
CONCLUSION,CCN
CREDIT_CONDITION,CCO
CONCERNED_PARTICIPANT,CCP
ACCR_CONTROL_FILE,CCR
CASH_CORRESPONDENT,CCS
CONCENTRATION,CCT
COLLATERAL_CUSTODY_OPERAT,CCU
CASH_COUNTER_VALUE,CCV
CONCURRENCY,CCY
#CODE,CD
CARD,CDA
CASH_DEBIT_BALANCE,CDB
CORRESPONDENCE,CDC
COREDEAL,CDD
COLLATERAL_FOR_DELIVERIES,CDE
CASH_DIFFERENCE,CDF
CANDIDATE,CDI
CREDIT_LINE,CDL
CUSTOMIZED_NOTICE,CDN
COLLATERAL_FOR_DRAWINGS,CDR
CASH_CUSTODY_DISTRIBUTION,CDS
CONDITION,CDT
CALLED_X121,CDX
CUSTODIAN,CDY
CUSTODY,CDY
CDY_ENTITLEMENT_CMP,CEC
CEDEL,CED
CLEARSTREAM,CED
CARE,CEE
CLEAR_IN,CEI
COMPLETED,CEN
COMPLETION,CEN
CLEAR_OUT,CEO
CERTIFICATE,CER
CERTIFICATION,CER
CERTIFIED,CER
CREST,CES
CRESTCO,CES
CENTER,CET
CUSTODY_EVENT,CEV
DACE_EVENTS,CEV
CONFIRMED_BY,CFB
CONFIDENCE,CFC
CONFIRMED,CFD
CONFIGURATION,CFG
CONFIRMATION,CFM
CONFIRMATION_NOTE,CFN
COEFFICIENT,CFT
COST_OF_FUNDS,CFU
CALL_FORWARD,CFW
CHANGE,CGE
CALLING_X121,CGX
CHART,CHA
CHARGEABLE,CHB
CHANCE,CHC
CHILD,CHD
CHECK,CHE
CHARGE,CHG
CHARGED,CHG
CHARTERED,CHH
CHECKLIST,CHK
CHANNEL,CHL
CHANGE_MANAGEMENT,CHM
CHAIN,CHN
CHAINING,CHN
CHOICE,CHO
CHEQUE,CHQ
$CHARACTER,CHR
CHARACTERISTIC,CHT
CICS,CIC
COLLAR_IDENTIFICATION,CID
CONTINGENT,CIG
CLEARING_INSTRUCTION,CIN
CORRELATION,CIO
CURRENT_INCOME_PAYMENT,CIP
CARRIER,CIR
CHIPS,CIS
CITY,CIT
CONFIG_ITEM_VERSION,CIV
CHECK_IN,CKI
CHECK_OUT,CKO
CLEARNET,CLA
CALLABLE,CLB
CALCULATION_CURRENCY,CLC
CALL,CLD
CALLED,CLD
CLEAN,CLE
CLASSIFICATION,CLF
CLASSIFYING,CLF
CLOSING,CLG
CLEARING_HOUSE,CLH
CLIENT,CLI
CLOCK,CLK
COLUMN,CLL
CLAIM,CLM
CEILING,CLN
CALL_OPTION,CLO
CLEAR,CLR
CLEARANCE,CLR
CLEARED,CLR
CLEARER,CLR
CLEARING,CLR
CLASS,CLS
COLLECTED,CLT
COLLECTION,CLT
COLOUR,CLU
CLIENT_LEVEL,CLV
COMPLIANCE,CLY
COMPLY,CLY
COMPATIBILITY,CMB
COMMUNICATION_CHANNEL,CMC
COMMAND,CMD
COMPARATIVE,CME
COMPARE,CME
COMPARED,CME
COLLATERAL_MODIFICATION,CMF
COMMIT,CMI
COMMITMENT,CMI
COMMITTED,CMI
COMMERCIAL,CML
COMMENT,CMM
COMMUNICATIONS_NETWORK,CMN
COMMON,CMO
COMPENSATED,CMP
COMPENSATION,CMP
COMMAREA,CMR
COMSHARE,CMS
CURRENT_MONTH,CMT
COMMODITY,CMY
#CLASS_NAME,CN
CODIFIED_NARRATIVE,CNA
CANCEL_BACKLOG,CNB
CONCEPTUAL,CNC
CONDITIONAL,CND
CONNECTION,CNE
CONFIDENTIAL,CNF
CONFIDENTIALITY,CNF
CONFIDENTIALLY,CNF
CLEANING,CNG
CLASSIFICATION_HISTORY,CNH
COMMUNICATION,CNI
$CONSTANT,CNN
CALL_NOTICE,CNO
COUNTER_PARTY,CNP
COUNTER,CNR
CONSIDER,CNS
CONSIDERED,CNS
CENTRAL,CNT
CENTRE,CNT
CONVERSION,CNV
CONVERTED,CNV
CONVERTIBLE,CNV
CORRESPONDENT_ACCOUNT,COA
COLLATERAL_BALANCE,COB
CONCATENATION,COC
CODE,COD
CODED,COD
CODIFICATION,COD
CHANGE_OF,COF
CONTAINER,COG
COLLATERAL,COL
COLLATERALIZED,COL
COMMISSION,COM
CONTINGENCY,CON
COOPERATIVE,COO
COPY,COP
CORRESPONDENT,COR
CLOSE,COS
CLOSED,COS
COMPLEMENT,COT
COUNT,COU
COVERAGE,COV
COVERED,COV
CAPACITY,CPA
COUNTERPART_BALANCE,CPB
CASH_PROCEEDING,CPC
CROPS_REFERENCE_DATE,CPD
CORPORATE,CPE
COMMISSIONS_AND_PENALTIES,CPI
COMPILATION,CPL
COMPILE,CPL
CPSM,CPM
COUPON,CPN
COMPONENT,CPO
CAP,CPP
CHAPTER,CPR
CHAPS,CPS
COUNTERPART,CPT
CENTRAL_PROCESSING_UNIT,CPU
COMPUTER,CPU
CORPORATE_EVENT,CPV
COMPLEX,CPX
COMPANY,CPY
CLEARANCE_BALANCE,CRB
CYCLIC_REDUNDANCY_CHECK,CRC
CURRENT_DAY,CRD
CREDIT,CRE
CREDITED,CRE
CREDITOR,CRE
CREDIT_FACILITY,CRF
CURRENCY_GROUP,CRG
CRITERIA,CRI
CRITERION,CRI
CAPITAL_AT_RISK,CRK
CRITICAL,CRL
CRITICALITY,CRL
CODE_REDENOMINATION,CRM
CORRECTION,CRN
CROPS,CRO
CORPORATION,CRP
CURRENT,CRR
CORE_SYSTEM,CRS
CREATED,CRT
CREATION,CRT
CREATOR,CRT
CREDIT_LINE_USE,CRU
CURRICULUM_VITAE,CRV
CREDITWORTHY,CRW
CREDIT_SERVICE_A,CSA
CREDIT_SERVICE_B,CSB
CORE_STATISTICS,CSC
CASCADE,CSD
CENTRAL_SEC_DEPOSITARY,CSD
CSD,CSD
CAUSE,CSE
CASH_FLOW,CSF
CONSULTING,CSG
CASH,CSH
CRISIS,CSI
CONSOLIDATED,CSL
CONSOLIDATION,CSL
CHECK-SUM,CSM
CONSTRAINT,CSN
COST_OBJECT,CSO
COSTPOOL,CSP
CONSEQUENCE,CSQ
CERISO,CSR
CURSOR,CSR
COMPONENT_STATUS,CSS
COST,CST
COST_UNIT,CSU
CLIENT_SERVER,CSV
CONSISTENCY,CSY
#COUNT,CT
CONTRIBUTION,CTB
COUNT_CLASSIFICATION,CTC
CUSTOMIZED,CTD
CLUSTER,CTE
CUTOFF,CTF
CATALOG,CTG
CONTROL_INTERVAL,CTI
CREDIT_RISK,CTK
CONTROL,CTL
CONTROLLED,CTL
CONTROLLER,CTL
CONTROLLING,CTL
CONTROL_MESSAGE,CTM
CONTENT,CTN
COMPETITION,CTO
COMPETITOR,CTO
CONTROL_AUTOMATION_PROCES,CTP
CONTROL_TO_QUALITY,CTQ
CONTRACT,CTR
CONTRACTUAL,CTR
CLIENT_TRACKING_SYSTEM,CTS
CONTACT,CTT
CORPORATE_TRUST,CTU
CORTEX,CTX
COUNTRY,CTY
CAPITALIZATION,CTZ
CAPITALIZE,CTZ
CAPITALIZED,CTZ
CURRENT_COUPON,CUC
CLUSTERING,CUG
CUMULATED,CUM
CUMULATION,CUM
CUMULATIVE,CUM
CUSTODY_INSTRUCTION,CUN
CUSTOM,CUO
CUSIP,CUP
CURRENCY,CUR
CUSTOMER,CUS
CUTTING,CUT
CASH_VALUE_DATED,CVD
COST_VOLUME,CVL
COVENANT,CVN
CLEVER,CVR
CONVERSATIONAL,CVS
CONVENTION,CVT
CORPORATE_VOICE_NETWORK,CVW
CLAW_BACK,CWB
CUM_WARRANT,CWR
CHIEF_EXECUTIVE,CXE
CONTROLLED_DIRECT_NUMBER,CXN
$CONTEXT,CXT
CATEGORY_A,CYA
CATEGORY_B,CYB
CATEGORY_C,CYC
CATEGORY_D,CYD
CYCLE,CYL
CURRENT_YEAR,CYR
CURRENCY_SCHEME,CYS
COMPANY_UNIT,CYU
COUNTRY_ZONE,CYZ
CITIZENSHIP,CZS
DATABASE,DAB
DACE,DAC
DATA_ADMINISTRATION,DAD
DAILY,DAI
DATA_ACCESS_LAYER,DAL
DATA_MANAGER,DAM
DATA,DAT
DAILY_AVERAGE,DAV
DAY,DAY
DEBUG,DBG
DUN_AND_BRADSTREET,DBR
DEBT,DBT
DB2,DB2
DECIMAL_FIXED,DCF
DECREASING,DCG
DECLARATION,DCL
DECIMAL,DCM
DISCLOSED,DCO
DISCLOSURE,DCO
DECEMBER,DCR
DECISION,DCS
DISCOUNT,DCT
DISCOUNTED,DCT
DAILY_PEAK_CREDIT_USAGE,DCU
DISCOVERY,DCY
DEMAND_DEPOSIT_ACCOUNT,DDA
DEMAND_DEP_ACC_BALANCE,DDB
DEDICATED,DDC
DISTRIBUTED_DATA_FACILITY,DDF
DATA_DEFINITION_LANGUAGE,DDL
DDNAME,DDN
DEMAND_DEPOSIT,DDP
DATASET,DDS
DEAL,DEA
DEALER,DEA
DEALT,DEA
DEBIT,DEB
DECODE,DEC
DEED,DED
DEFAULT,DEF
DENSITY,DEI
DELETE,DEL
DELETION,DEL
DENOMINATION,DEN
DENOMINATOR,DEN
DEPOSITARY,DEP
$DERIVED,DER
DESK,DES
DEFECT,DET
DEVICE,DEV
DEFINITIVE_CONDITION,DFC
DISSOCIATION_FEE,DFE
DEFINITION,DFI
DEFINITIVE,DFN
DEFERRED,DFR
DEFICIT,DFT
DIGIT,DGT
DHL,DHL
DISTRIBUTED,DIB
DISTRIBUTION,DIB
DISTRIBUTOR,DIB
DISPERSION_CLASSIFICATION,DIC
DIFFERENCE,DIF
DIFFERENT,DIF
DIMENSION,DIM
DELIVERY_INSTRUCTION,DIN
DISPERSION,DIP
DIRECTORY,DIR
DISPOSITION,DIS
DIRTY,DIT
DIVIDE,DIV
DIVISION,DIV
DJDE,DJD
DELIVERABLE,DLB
DCLF,DLF
DCLGEN,DLG
DEADLOCK,DLK
DELIMITER,DLM
DEADLINE,DLN
DEAD_LETTER,DLR
DELTA,DLT
DELIVERER,DLV
DELIVERING,DLV
DELIVERY,DLV
DELAY,DLY
DELAYED,DLY
DOMICILE,DMC
DEMAND,DMD
DEMANDED,DMD
DEMANDING,DMG
DOMESTIC_MARKET,DMM
DEMONSTRATION,DMO
DOCUMENT_MGMT_RELEASE,DMR
DOMESTIC,DMT
DUMMY,DMY
DEMILITARIZED_ZONE,DMZ
DENY,DND
DESTINATION_GROUP,DNG
DOWNLOAD,DNL
DISCREPANCY,DNY
DOCUMENT_BASE,DOB
DOCUMENT,DOC
DOCUMENTATION,DOC
DOMAIN,DOM
DROP,DOP
DUE_OUT,DOT
DEPRECIATION_BALANCE,DPB
DISPATCHER,DPC
DISPATCHING,DPC
DEPENDENCE,DPD
DEPENDENCY,DPD
DEPENDENT,DPD
DEPENDING,DPD
DEPTH,DPH
DATA_PROCESSING_JOB,DPJ
DEPARTMENTAL_LEDGER,DPL
DEPLOYMENT,DPM
DEPOSIT,DPO
DEPOT,DPO
DEPORT,DPP
DEPRECIATION,DPR
DISPOSAL,DPS
DEPARTMENT,DPT
DEPOSITORY,DPY
DATA_QUALITY_MANAGEMENT,DQM
DISREGARDED,DRG
DERIVATION_RULE,DRL
DIRECTION,DRN
DIRECT,DRT
DERIVATION,DRV
DRAWING,DRW
DRAWN,DRW
#DESCRIPTION,DS
DISABLED,DSA
DSCB,DSB
DESCRIPTION,DSC
DESCRIPTIVE,DSC
DESELECTED,DSD
DEPOSITARY_SECURITY,DSE
DISSOCIATION_DIFFERENTIAL,DSF
DAILY_SETTLEMENT_LIMIT,DSI
DISK,DSK
DISPLACEMENT,DSL
DISCLAIMER,DSM
DISTINCT,DSN
DATA_SECURITY_OFFICER,DSO
DISPLAY,DSP
DISCRETIONARY,DSR
DISSOLUTION,DSS
DESTINATION,DST
DESTRUCTION,DSU
DEPOSITARY_SWIFT_OUTGOING,DSW
#DATE,DT
DETAIL,DTA
DETAILED,DTA
DECISION_TABLE,DTB
DETECTION,DTC
DATED,DTD
DATE,DTE
DEATH,DTH
DAYTIME,DTM
DETACHMENT,DTM
DISTANCE,DTN
DATE_RULE,DTR
DISTRESS,DTS
DATATYPE,DTT
DICTIONARY,DTY
DO_UNDO,DUD
DUE,DUE
DESTINATION_UNIT,DUN
DUPLICATE,DUP
DUPLICATED,DUP
DUPLICATION,DUP
DURATION,DUR
DUTY,DUT
DIVIDEND,DVD
DIVERSIFICATION,DVF
DRIVEN,DVN
DEVELOP,DVP
DEVELOPER,DVP
DEVELOPMENT,DVP
DRIVER,DVR
DATA_WAREHOUSE,DWH
DAYLIGHT,DYL
DYNAMIC,DYN
DYNAMIC_PROCEED,DYP
EUROCLEAR_BANK,EBK
EXCESS_AUTHORIZATION,ECA
EURO_SEC_CLEARING_CORP,ECC
EUCLID,ECL
ECONOMIC,ECO
EUROCLEAR_PAYMENT,ECP
EXCHANGE_RATE,ECR
ECSSC,ECS
EUROPEAN_CURRENCY_UNIT,ECU
EIDB,EDB
ENDING_DATE,EDD
EDITION,EDN
EDIT,EDT
EDUCATION,EDU
EDUCATIONAL,EDU
ELECTRONIC_FEES_ADVICE,EFA
EFFECTIVE,EFC
EFFICIENCY,EFF
EXPOSURE_FAMILY_NUMBER,EFN
EFFORT,EFO
EUROCLEAR_FRANCE,EFR
EUCLID_FOR_WINDOWS,EFW
ELIGIBILITY,EGB
ELIGIBLE,EGB
ENGLISH,EGL
EIGHTH,EIG
ELAPSED,ELA
ELECTRONIC,ELC
END_OF_LIFE,ELF
ELEVENTH,ELH
ELEMENT,ELM
ELECTRONIC_LAUNCH_SHEET,ELS
EMULATION,ELT
EMULATOR,ELT
EARLY,ELY
EMERGENCY,EMG
ERROR_MESSAGE_HANDLING,EMH
EMERGING_MARKET,EMK
E-MAIL,EML
EARLY_MORNING,EMN
EMPLOYEE,EMP
EVENT_MANAGEMENT_SYSTEM,EMS
ECONOMIC_MONETARY_UNION,EMU
END,END
ENDING,END
ENGAGEMENT,ENG
ENGINE,ENI
ENQUEUE,ENQ
ENTRY,ENR
ENTITY,ENT
ENVIRONMENT,ENV
EUROCLEAR,EOC
END_OF_DAY,EOD
EUROCLEAR_ONLINE,EOL
SEPG,EPG
EXPRESS_INSTRUCTION,EPI
EUROPEAN_PRE_ISSUE_MSG,EPM
EUROCLEAR_PARTY_NUMBER,EPN
ELIGIBILITY_PROFILE_PACKG,EPP
EXPRESS,EPR
EXPECTED,EPT
EQUIPMENT,EQI
EQUAL_TO,EQT
EQUIVALENT,EQU
EQUITY,EQY
#EXCHANGE_RATE,ER
EXTENDED_RPT_DISTRIBUTION,ERD
EARLIEST,ERL
EUROPE,ERP
EUROPEAN,ERP
ERROR,ERR
ENDORSEMENT,ERS
PESETAS,ESB
ESCALATION,ESC
EXPECTED_LOCAL_STLMT_DATE,ESD
EXTERNAL_STATUS_MODIF,ESM
EXCESS,ESS
ESTIMATE,EST
ESTIMATED,EST
ESTIMATION,EST
ENTRY_BY,ETB
ESTIMATE_TIME_TO_COMPLETE,ETC
END_TO_END,ETE
ENTITLE,ETL
ENTITLEMENT,ETL
ENTIRE,ETR
EVENT_TYPE,ETT
EUCLID_ON_PC,EUP
EURO,EUR
EUCLID_ON_TANDEM,EUT
EVENT_DATE,EVD
EVALUATION,EVL
EVOLUTION,EVN
ENVELOPE,EVP
EVENT,EVT
EOC_WORKING_DAYS,EWD
EXTRA,EXA
EXEC,EXC
EXECUTABLE,EXC
EXECUTE,EXC
EXECUTED,EXC
EXECUTING,EXC
EXECUTION,EXC
EX_DATE,EXD
EXERCISE,EXE
EXERCISED,EXE
EXCHANGE,EXH
EXISTENCE,EXI
EXCLUDE,EXL
EXCLUDED,EXL
EXCLUSION,EXL
EXCLUSIVE,EXL
EXEMPTION,EXM
EXTEND,EXN
EXTENDED,EXN
EXTENSION,EXN
EXTENDABLE_OPTION,EXO
EXPIRATION,EXP
EXPIRING,EXP
EXPIRY,EXP
EXTRACT,EXR
EXTRACTOR,EXR
EXIST,EXS
EXTERNAL,EXT
EXPOSURE,EXU
$EX,EXX
EUCLID_90,E90
FIXED_ASSET,FAA
FINANCIAL_ACCOUNT_CENTRE,FAC
FAIL,FAI
FAILED,FAI
FAILURE,FAI
FINAL,FAL
FINALITY,FAL
FAMILY,FAM
FAX,FAX
FAXED,FAX
TELEFAX,FAX
FITCH_IBCA,FBC
FLOATING_RATE_BASE_INDEX,FBI
FALLBACK,FBK
FOREIGN_CUR_VS_DOLLAR,FCD
FACE,FCE
FOREIGN_CUR_VS_FOREIGN,FCF
FAIL_CURING,FCG
FETCH,FCH
FACTOR,FCR
FUNCTION,FCT
FUNCTIONAL,FCT
FEE_CALCULATION_UNIT,FCU
FACE_VALUE,FCV
FACILITY,FCY
FIXING_DAY,FDA
FEEDBACK,FDB
FEEDER,FDD
FEEDING,FDD
FOUR_DAYS_DELAY,FDE
FEDERAL,FDR
FUNDSETTLE,FDS
FOUNDATION,FDT
FEED,FDX
FIRST_DAY,FDY
FEATURE,FEA
FEBRUARY,FEB
FEDERAL_RESERVE,FED
FEE,FEE
FEES,FEE
FEASIBILITY,FES
FIFTEENTH,FFH
FUND_FLOW,FFL
FUNGIBLE,FGB
FOREIGN_CURRENCY,FGC
FIXING_DATE,FGD
FILIATION,FIA
FICS,FIC
FIFTH,FIF
FIGURE,FIG
FILE,FIL
FIRM,FIM
FINANCIAL,FIN
FIRST,FIR
FIVE,FIV
FIX,FIX
FIXING,FIX
#FLAG,FL
FLAT,FLA
FIRST_LEVEL_BANK,FLB
FULLY_LOADED_COST_CENTRE,FLC
FIELD,FLD
FAR_LEG,FLE
FLAG,FLG
FILL,FLL
FILLER,FLL
FILING,FLN
FLOATING,FLO
FINAL_PAYMENT,FLP
FLOOR,FLR
FIRST_LEVEL_SUPPORT,FLS
FLOW_THROUGH,FLT
FLOW,FLW
FLEXIBLE,FLX
FULLY,FLY
FORMAT,FMA
FORMATTED,FMA
FORMULA,FML
FINANCIAL_MGMNT_SYSTEM,FMS
FUTURE_MOVEMENT,FMV
FUNCTION_CENTRE,FNC
FUND,FND
FUNDING,FND
FUND_NETTER,FNE
FINLAND,FNL
FUNCTIONAL_UNIT,FNU
FORECAST,FOC
FORECASTED,FOC
FORGED,FOG
FOLDER,FOL
FREE_OF_PAYMENT,FOP
FOREIGN_EXCHANGE,FOX
FOREX,FOX
FIRST_OPEN_DAY,FPD
FACILITY_PROGRAM,FPG
FUNDS_PLATFORM_INFRASTRUC,FPI
FILE_POINTERS,FPT
FRANCE,FRA
FORCED,FRC
FINAL_REDEMPTION,FRD
FREE,FRE
FAILED_RETURN_FEE,FRF
FOURTEENTH,FRH
FRIDAY,FRI
FORM,FRM
FRACTION,FRN
$FROM,FRO
FREQUENCY,FRQ
FIREWALL,FRW
FREEZE,FRZ
FROZEN,FRZ
FISCAL,FSC
FOLLOW-UP_SYSTEM_EXECUTE,FSE
FOLLOW-UP_SYSTEM_MODEL,FSM
FOLLOW-UP_SYSTEM_SCENARIO,FSS
FREESITTING,FST
FACTICE,FTC
FACTITIOUS,FTC
FILTER,FTE
FOURTH,FTH
FEE_TYPE,FTP
FILE_TRANSFER,FTR
FILE_TRANSFER_SESSION,FTS
FTP_SESSION,FTS
FUNCTIONALITY,FTY
FULL,FUL
FULL-TIME,FUL
FOLLOW_UP,FUP
FURTHER,FUR
FUTURE,FUT
FAVOUR,FVR
FORWARD,FWD
FIXED,FXD
FOREX_INSTRUCTION,FXI
GAMMA,GAM
GUARANTOR,GAR
GUARANTY,GAR
GATE,GAT
GOVERNMENT_BOND,GBD
GLOBAL_SECURITY,GBS
GENERATION_DATA_GROUP,GDG
GOOD_VALUE,GDV
GEIS,GEI
GENERAL,GEN
GEOGRAPHIC,GEO
GERMAN,GER
GERMAN_LINK,GER
GLOBAL_EXPOSURE_SYSTEM,GES
GET,GET
GAFI,GFI
GLOBAL_FAMILY,GFN
GLOBAL_FAMILY_NUMBER,GFN
GLOBAL_FORMAT,GFT
GHOST,GHT
GIVING,GIV
GLOBAL,GLB
GENERAL_LEDGER_HISTORY,GLH
GENERAL_LEDGER_INQUIRY,GLI
GREENWICH_MEAN_TIME,GMT
GENERAL_LEDGER_BALANCE,GNB
GENERAL_LEDGER,GNL
GENERATE,GNR
GENERATION,GNR
GAIN_ON_DISPOSAL,GOD
GOAL,GOL
GENERAL_PARAMETER,GPA
GEOPAC,GPC
GET_PAGE,GPG
GENERIC,GRC
GRID,GRD
GRACE,GRE
GROSS,GRO
GROUP,GRP
GRANT,GRT
GENERIC_RULE,GRU
GLOBAL_SYSTEM_FOR_MOBILES,GSM
GSM,GSM
GENERATED,GTD
GENERATOR,GTD
GATEWAY,GTW
GUARDIAN,GUA
GLOBALLY_UNIQUE,GUI
GOVERNMENT,GVT
GETWAIT,GWT
HAS,HAS
HASH_TOTAL,HAT
HIERARCHICAL,HCH
HIERARCHY,HCH
HAIRCUT,HCT
HEADER_ARCHIVE,HDA
THREE_DAYS_DELAY,HDE
HEDGE,HDG
HELP_DESK,HDK
HANDLE,HDL
HEADER,HDR
HEADING,HDR
HARDWARE,HDW
HIGHEST,HGT
HIDDEN,HID
HIGH,HIG
HIRE,HIR
HISTORIC,HIS
HISTORICAL,HIS
HISTORY,HIS
HEIGHT,HIT
HELD,HLD
HOLD,HLD
HOLDER,HLD
HOLDING,HLD
HELP,HLP
HOLIDAY,HLY
HUMAN,HMN
HUNT,HNT
HEAD_OFFICE,HOF
HOME,HOM
HOLDING_PERIOD,HPD
HURDLE,HRD
HARNESS,HRN
HOUSE,HSE
HASH,HSH
HOST,HST
HOST_TO_HOST,HTH
HYPERTEXT_MARKUP_LANGUAGE,HTM
HOUR,HUR
HORIZON,HZN
HORIZONTAL,HZN
INSTRUC_APPROVAL_DECISION,IAD
INTRA_ENTITY,IAE
INTRANET,IAN
IBAN,IBA
IBLC,IBL
INBOX,IBX
INSTRUC_COUNT_CLASSIF,ICC
INCREASING,ICG
IN_CHARGE,ICH
INTERNAL_CLEARING_INSTRUC,ICI
INCLUDE,ICL
INCLUDED,ICL
INCOMING_MESSAGE,ICM
TANDEM_SEQUENCE_NUMBER,ICN
INCOME,ICO
ICCP,ICP
INCREASE,ICR
INCREMENT,ICT
#IDENTIFICATION,ID
INDICATOR,IDC
INDICATION,IDD
INSIDE,IDE
IDENTIFICATION,IDF
INDIRECT,IDR
INDEX,IDX
INDEXED,IDX
INDEXING,IDX
INTERNET,IEN
INCOME_EVENT,IEV
INFOCENTRE,IFN
IN_FAVOR_OF,IFO
INFERIOR,IFR
IGNORE,IGN
INTEGRITY,IGY
INHIBIT,IHB
INHOUSE,IHS
INHERIT,IHT
INHERITANCE,IHT
INTENDED_INTERNAL_EXECUT,IIE
IT_INFRASTRUCTURE_LIBRARY,IIL
ITIL,IIL
INTERNET_INFO_SERVER,IIS
ILLNESS,ILS
INDEMNIFICATION,IMF
IMAGE,IMG
INCOMING,IMG
IMMEDIATE,IMM
IMPACT,IMP
INTERMEDIATE,IMT
INTERMEDIARY,IMY
INITIALIZATION,INA
INITIALIZE,INA
INCLUSION,INC
INDUSTRY,IND
INTENDED,INE
INFORMATION,INF
INTEGRATED,ING
INITIAL_HOLDER,INH
INITIAL,INI
INTERNAL,INL
INSTRUMENT,INM
INTRODUCTION,INN
INCORPORATION,INO
INPUT,INP
INQUIRE,INQ
INQUIRY,INQ
INSTRUCTED,INR
INSTRUCTION,INR
INSERT,INS
INTERNATIONAL,INT
INSTITUTION,INU
INVENTORY,INV
IOCA,IOC
INITIATOR,IOR
IN_OUT,IOT
INTERNET_PROTOCOL_ADDRESS,IPA
IP_ADDRESS,IPA
INTEREST_PERIOD_END_DATE,IPD
IAPG,IPG
IMPLEMENTATION,IPM
INCEPTION,IPN
INTER-PROCESS,IPR
INTERRUPT,IPT
INTERVENING_PARTY,IPY
INTERNAL_QUOTATION,IQU
#INTEREST_RATE,IR
INSTRUCTION_DECISION,IRD
INTER-ENTITY,IRE
IRREGULAR,IRG
IRELAND,IRL
IRISH,IRL
IREM,IRM
ITR_REVENUE_EXPENSE_MODEL,IRM
INSTRUCTING_PARTY,IRP
INTEREST_RATE,IRR
INTERNAL_REVENUE_SERVICE,IRS
INDEX_RATE,IRT
INSTANCE,ISC
INSUFFICIENT,ISF
INSTRUCTING,ISG
INSTALLATION,ISL
ISIN,ISN
INTL_STANDARDS_ORG,ISO
ISO,ISO
ISSUER,ISR
ISSUABLE,ISS
ISSUANCE,ISS
ISSUE,ISS
ISSUED,ISS
ISSUING,ISS
INTERNAL_STATUS,IST
INSURANCE,ISU
INTEREST_SWAP,ISW
INTRA_DAY,ITD
INTERFACE,ITF
INTEGER,ITG
IN_TRANSIT,ITI
ITALIAN,ITL
ITEM,ITM
ITERATION,ITN
INTERPOLATION,ITP
INTEREST,ITR
INTENSITY,ITS
INTERTEST,ITT
INTERVAL,ITV
IN_USE,IUS
INVOICE,IVC
INVOLVED,IVD
INITIATIVE,IVE
INVESTIGATOR,IVG
INVOCATION,IVK
INVALID,IVL
INTERVENTION_MACRO,IVM
INTERVENTION,IVN
INVESTOR,IVS
INVITATION,IVT
INVESTMENT,IVV
INSTRUC_WAITING_DECISION,IWD
INDUSTRY_CLASSIFICATION,IYC
JANUARY,JAN
JAPAN,JAP
JOB_PROCESSING,JBP
JOBSET,JBS
JOB_CONTROL_LANGUAGE,JCL
JOB_ENTRY_SUBSYSTEM,JES
JULIAN,JLN
JOB,JOB
JPMORGAN,JPM
JOURNAL,JRL
JULY,JUL
JUNE,JUN
JURISDICTION,JUR
JUSTIFICATION,JUS
KAPPA,KAP
KILOBYTE,KBT
KEEP,KEP
KEY,KEY
KEYED,KEY
KERNEL,KNL
KODAK,KOD
KASSEVEREIN,KSV
KEYWORD,KWD
LABEL,LAB
LOCAL_AREA_NETWORK,LAN
LASER,LAS
LATE,LAT
LATER,LAT
LAUNCH,LAU
LAUNCHING,LAU
LENDABLE_BORROWABLE,LBB
LENDING_AND_BORROWING,LBG
LIFECYCLE_BEHAVIOUR,LBH
LENDING_BORROWING_OPTION,LBO
LIBRARY,LBR
LOCAL_CURRENCY,LCC
LATCH,LCH
LOCAL,LCL
LOCATE,LCT
LENDABLE,LDB
LENDING,LDG
LONDON,LDN
LENDER,LDR
LAST_DAY,LDY
LEAD,LEA
LEADER,LEA
LEADING,LEA
LINK_EVENT_DATE,LED
LEFT,LEF
LEGACY,LEG
LENGTH,LEN
LENT,LET
LEVEL,LEV
LOAD_EXPECT,LEX
LIFECYCLE,LFC
LIFETIME,LFT
LEGAL_FORM,LGF
LANGUAGE,LGG
LOGICAL,LGI
LEGAL,LGL
LOGON,LGN
LOGICAL_GROUP,LGP
LIMIT,LIM
LIMITATION,LIM
LIMITED,LIM
LINE,LIN
LAST_INCOME_PAYMENT,LIP
LIQUIDITY,LIQ
LINK_INSTR_REPAIR,LIR
LIST,LIS
LISTING,LIS
LATEST_INPUT_TIMESTAMP,LIT
LOCK,LKD
LOCKED,LKD
LOCKING,LKG
LAST_KNOWN,LKN
LOCK_UP,LKP
LOCAL_REPORTING,LLR
LOAD_MODULE_BATCH,LMB
LEAD_MANAGER,LMG
LOAD_MODULE_ON-LINE,LMO
LAST_MONTH,LMT
LEND,LND
LONG,LNG
LINK,LNK
LINKAGE,LNK
LINKED,LNK
LISTENER,LNR
LINES,LNS
LINK_SYSTEM_TEST,LNT
LOAN,LOA
LOCATION,LOC
LOAD,LOD
LOG,LOG
LOGGING,LOG
LOOP,LOP
LOW,LOW
LAST_OPEN_DAY,LPD
LIQUIDATION,LQT
LAST_QUOTATION_UPDATE,LQU
LARGE,LRG
LIMITED_RIGHTS,LRI
LAST_REPORTED_NARRATIVE,LRN
LEGAL_REPRESENTATIVE,LRP
LOG_REQUEST,LRQ
LAST_REPORTED_REPORT,LRR
LOCAL_SETTLEMENT_DATE,LSA
LINKED_SECURITY,LSC
LOSS_ON_DISPOSAL,LSD
LOOSE,LSE
LOSS,LSS
LAST,LST
LIFETIME_AVERAGE,LTA
LITTERAL,LTL
LONG_TERM,LTM
LATE_PAYMENT,LTP
LETTER,LTR
LATEST,LTS
LAST_UPDATE,LUP
LOTUS,LUS
LUXEMBOURG,LUX
LIVE,LVE
LEAVER,LVR
LOWER,LWR
LOWEST,LWS
LAST_YEAR,LYR
LAYOUT,LYT
MEMORANDUM_ACCOUNT,MAC
MAXIMUM_NUMBER_DAYS,MAD
MKT_SEGMENTATION_CRI,MAE
MATHEMATICAL,MAH
MAIN,MAI
MAJOR,MAJ
MAJORITY,MAJ
MAXIMUM_NUMBER_MONTHS,MAM
MAXIMUM_OCCURRENCE,MAO
MAP,MAP
MAPPING,MAP
MARGIN,MAR
MARKET_SEGMENTATION,MAS
MATURITY,MAT
MONTHLY_AVERAGE,MAV
MAXIMUM,MAX
MAY,MAY
MOBILE,MBI
MODIFY_BACKLOG,MBL
MEMBER,MBR
MAILBOX,MBX
MARKET_CLAIM_DETECTION,MCD
MATCHED,MCH
MATCHING,MCH
MACHINE,MCN
MACRO,MCO
MATCHING_RESULT,MCR
MONTHLY_COST,MCS
MAXIMUM_CREDIT_USE,MCU
MONTH_TO_DATE,MDA
MEDICAL,MDC
MODE,MDE
MODIFICATION,MDF
MODIFIED,MDF
MODELLI,MDI
MODULE,MDL
MODEM,MDM
MODULATOR-DEMODULATOR,MDM
MODIFIER,MDR
MANDAY,MDS
MANDAYS,MDS
MANDATORY,MDT
MEDIUM_TERM,MDT
MONTH_TO_DATE_AVERAGE,MDV
MOODY,MDY
MEASURE,MEA
MEDIUM,MED
MEMORANDUM,MEM
MENU,MEN
MESSAGE,MES
MEETING,MET
MEETING_PERIOD,MET
MICROFILM,MFL
MAINFRAME,MFR
MINI_FORMAT,MFT
MIGRATION,MGN
MORGAN_GUARANTY_TRUST_CO,MGT
MEGAHERTZ,MHZ
MIAM,MIA
MICROFICHE,MIC
MINIMUM_NUMBER_DAYS,MID
MIDDLE,MIE
MAIL,MIL
MAILING,MIL
MINIMUM_NUMBER_MONTHS,MIM
MINIMUM,MIN
MINIMUM_OCCURRENCE,MIO
MIPA,MIP
MANAGEMENT_INTEREST_RATES,MIR
MNGT_INFORMATION_SYSTEM,MIS
MARKET_CLAIM,MKC
MARKETING,MKG
MARKER,MKR
MARKET,MKT
MARKET_UPDATE,MKU
MARKET_VALUE,MKV
MULTICURRENCY,MLC
MULTIPLICATION_FACTOR,MLF
MULTIPLE,MLT
MULTIPLY,MLT
MULTI-VALUE,MLV
MULTI-VALUED,MLV
MONEY_MARKET,MMK
MEMO,MMO
MOMENT,MMT
MANAGED,MNG
MANAGEMENT,MNG
MANAGER,MNG
MANUAL,MNL
MNEMONIC,MNM
MONITORING,MNR
MEANS,MNS
MAINTAIN,MNT
MAINTENANCE,MNT
MANUAL_UPDATE,MNU
MONEY,MNY
MOST_ACTIVE,MOA
MODEL,MOD
MSG_ORIENTED_MIDDLEWARE,MOM
MONDAY,MON
MORNING,MOR
MQ_SERIES,MQS
MARCH,MRC
MERGE,MRG
MARITAL,MRL
MULTILATERAL_REPO_NETTING,MRN
MARP,MRP
MAINTENANCE_REQUEST,MRQ
MIRROR,MRR
MARGIN_VALUE,MRV
MONTHLY_REVENUE,MRY
MESSAGE_ARCHIVE,MSA
MISCELLANEOUS,MSC
MISSED,MSI
MISSING,MSI
MASKING,MSK
MAESTRO,MSO
MESSAGE_QUEUE,MSQ
MASS,MSS
MASTER,MST
META,MTA
META-DATA,MTA
MATRICULE,MTC
METHOD,MTD
MONTH_END,MTE
MONTH,MTH
MONTHLY,MTH
MONEY_TRANSF_INSTRUCTION,MTI
MARK_TO_MARKET,MTM
MONEY_TRANSFER,MTR
MINUTES,MTS
MATRIX,MTX
MIDNIGHT_UNBLOCKING,MUB
MULTI,MUL
MOVING,MVG
MVS,MVS
MOVEMENT,MVT
MAINFRAME_WORKBENCH,MWB
#NEXT_AMOUNT,NA
NON_ALLOCATED_NEW_BORROW,NAB
NOT_ACKNOWLEDGEMENT,NAK
$NAME,NAM
NASDAQ,NAQ
NARRATIVE,NAR
NOTICE_ARCHIVING_SYSTEM,NAS
NATIONAL,NAT
NATIONALITY,NAT
NET_ASSET_VALUE,NAV
#NUMBER,NB
NATIONAL_BANKING,NBB
NON_BENEFICIAL,NBF
NEW_BORROWING,NBO
$NUMBER,NBR
NOT_CEDEL_NOT_AKV,NCA
NATIONAL_CENTRAL_BANK,NCB
NCB,NCB
NACE,NCE
NON_CHARGEABLE,NCG
NOT_COLLATERELIZED,NCO
NOMINAL_CURRENCY,NCU
NEEDED,NDD
NEEDS,NDS
NEGATIVE,NEG
NETWORK_EXPENSE,NEP
NETT,NET
NETTED,NET
NETTING,NET
NEW,NEW
NEGATIVE_DEPENDENCY,NGD
NEGOCIANT,NGO
NEW_IBLC,NIB
NET_INTEREST_EARNING,NIE
NEXT_INCOME_PAYMENT,NIP
NEXT_INTEREST_RATE,NIR
NEW_ISSUE,NIS
NEW_ISSUES_TOOL,NIT
NETHERLANDS_LOCAL_ACCOUNT,NLA
NEAR_LEG,NLE
#NAME,NM
NON_MAILBOX,NMB
NOMINEE,NME
NORMAL,NML
IN_NAME_OF,NMO
NEXT_MONTH,NMT
NOMINAL_VALUE,NNV
NODE,NOD
NOMINAL,NOM
NON,NON
NON_ORDER,NOO
NON_OPERATING,NOP
NOT_RECONCILED,NOR
NOSTRO,NOS
NOT,NOT
NOVEMBER,NOV
NON_PERFORMING,NPE
NONQUALIFIED_INTERMEDIARY,NQI
NON_RESIDENT_ALIENS,NRA
NON_RECOVERABLE,NRE
NOSTRO_SCHEME,NSS
NEAREST,NST
NOTICE,NTC
NOTE,NTE
NOTES,NTE
NOTIFICATION,NTF
NOTIFIED,NTF
NORTH,NTH
NOTIONAL,NTL
NINTH,NTN
NOT_SCHEME,NTS
NOTIFICATION_TYPE,NTT
NATURE,NTU
NATIVE,NTV
NULL,NUL
NUMERIC,NUM
NOT_VALIDATED,NVA
NETWORK,NWK
NORWEGIAN,NWN
NEWS,NWS
NO_WAIT,NWT
NEXT,NXT
NEW_YORK,NYK
NEW_ZEALAND,NZD
OBLIG_ASSIMIL_DU_TRESOR,OAT
OBSERVED,OBD
OBLIGATION,OBG
OBJECT,OBJ
OUTBOUND_LINK,OBL
OBLIGATION_TO_PARTICIPANT,OBP
OBSERVER,OBR
OBSERVATION,OBS
OBTAINED,OBT
OCCURRENCE,OCC
ON_CALL,OCL
OVER_THE_COUNTER,OCN
OPTICAL_CHAR_RECOGNITION,OCR
OCTOBER,OCT
ONE_DAY_DELAY,ODE
ORDINARY,ODY
OFFICIAL,OFC
OFFER,OFE
OFFERING,OFE
OFF,OFF
OFFICE,OFF
OFFLOAD,OFL
OFFLOADED,OFL
OFF_MARKET,OFM
OFFICER,OFR
OFFSET,OFT
ORIGIN_GROUP,OGG
OUTGOING_MESSAGE,OGM
#OBJECT_HOLDER,OH
#OBJECT_IDENTIFICATION,OI
OICS,OIC
OBJECTIVE,OJV
OK,OKY
OLD,OLD
ON_LINE,OLI
OBLIGATION_LIN_OBLIGATIE,OLO
ONE,ONE
ONLY,ONL
ONLINE_NEWS_MESSAGE,ONM
ON_STATEMENT,ONS
OUT_OF_BUFFERPOOL,OOB
OUT_OF_POCKET_EXPENSE,OOP
OPICS,OPC
OPERAND,OPD
OPEN,OPE
OPENING,OPE
OPERATING,OPI
OPTIMIZATION,OPM
OPERATION,OPN
OPPOSITION,OPP
OPERATOR,OPR
OPERATIONAL,OPS
OPTION,OPT
OPTIONAL,OPT
OPPORTUNITY,OPY
ONLINE_REPORTING_ARCHITEC,ORA
ORDER,ORD
ORGANIZATION,ORG
ORGANIZATIONAL,ORG
ORGANIZING,ORG
ORIGIN,ORI
ORIGINATING,ORI
ORIGINATOR,ORI
ORIGINAL,ORN
ORGANISM,ORS
ORIGIN_TRANSLATION,ORT
OUTSTANDING_AMOUNT,OSA
OUTSTANDING_BORROWED,OSB
OUTSTANDING_LENT,OSL
ORDER_SEQUENCER,OSQ
OUTSTANDING,OST
OUTBOUND,OTB
ONE_TIME_CERTIFICATE,OTC
OUTGOING,OTG
OTHER,OTH
ON_TIME,OTI
OUT,OUT
OUTPUT,OUT
OVERALL,OVA
OVERDRAFT,OVD
OVERFLOW,OVF
OVERLAP,OVL
OVERNIGHT,OVN
OVER,OVR
OVERRIDE,OVR
OVERTIME,OVT
OVERVIEW,OVW
OWN_ACCOUNT,OWA
OWNERSHIP,OWN
OWNING,OWN
OWNER,OWR
OTHER_EXTEND,OXN
ONE_YEAR_ACCEPTED,OYA
PAYING_AGENT,PAE
PAGE,PAG
PATH,PAH
PARTICIPANT_AND_INTERNAL,PAI
PATTERN,PAN
PAPER,PAP
PARTICIPANT,PAR
PARTICIPATION,PAR
PART,PAT
PAYING,PAY
PUBLIC,PBC
PUBLISH,PBH
PUBLISHED,PBH
PUBLICATION,PBL
PROBATION,PBN
PROCEED_BULK_PAYMENT,PBP
PABX,PBX
POSSIBILITY,PBY
POSSIBLE,PBY
PROBABILITY,PBY
PROCEED,PCD
PRICE,PCE
PARAMETER_CONTROL_FILE,PCF
PURCHASE,PCH
PURCHASER,PCH
PACK,PCK
PACKAGE,PCK
PROD_CONTROL_LANGUAGE,PCL
PERSONAL_COMPUTER,PCM
PELICAN,PCN
PRE-COMPILE,PCP
PROCEDURE,PCR
PRECISION,PCS
PERCENTAGE,PCT
POLICY,PCY
PCDACS,PDA
PREDICTED,PDC
PRE-DEFINED,PDD
PRICE_DIFFERENTIAL,PDF
POSSIBLE_DUPLICATE_MES,PDM
PRODUCTION,PDN
PREDECESSOR,PDR
PARTICIPANT_DATA_SYSTEM,PDS
PROCESSED_ON_TIME,PDT
PRERELEASE,PEA
PERIOD_END,PED
PLEDGEE,PEE
PREFERENCE,PEF
PREFERENTIAL,PEF
PEAK,PEK
PERMANENT,PEM
PER,PER
PERIOD,PER
PRESENCE,PES
PRESENT,PET
PREDICTED_EXPOSURE,PEX
PROMOTION_FALLBACK,PFB
PREFETCH,PFH
PREADVICE_OF_FUNDS_INPUT,PFI
PFKEY,PFK
$PROFILE,PFL
PERFORMANCE,PFM
PERFORMING,PFM
PROFIT,PFT
PROBLEM_FOLLOW_UP,PFU
PROGRAM_ENTRY,PGE
PARAGRAPH,PGH
PROGRAM,PGM
PROGRESS,PGR
PAGESET,PGS
PHASE,PHA
PHASED,PHA
PHYSICAL_DATASET,PHD
PHYSICAL_FORM,PHF
PHYSICAL,PHY
PHASE_THREE,PH3
PIECE,PIC
PAID,PID
PRODUCTION INTEGRATION,PIG
PRIME,PIM
PERSONAL_ID_NUMBER,PIN
PIN,PIN
PRIOR,PIR
PIVOT,PIV
PROJECTION,PJT
PRIMARY_KEY,PKE
PUBLIC_KEY_INFRASTRUCTURE,PKI
PICK-UP,PKP
PICKUP,PKP
PLAN,PLA
PROFIT_LOSS_BALANCE,PLB
PLACEMENT,PLC
PLEDGED,PLD
PLACE,PLE
PLATFORM,PLF
PLEDGING,PLG
PROFIT_LOSS_HISTORY,PLH
PARALLEL,PLL
PARALLELIZATION,PLL
PROFIT_LOSS_MOVEMENT,PLM
PLANNED,PLN
PLANNING,PLN
PLEDGOR,PLO
PROPOSAL_RECEIPT,PLR
PROFIT_LOSS_UNIT,PLU
PRODUCT_LEVEL,PLV
PREMATCHING,PMC
PREVIOUS_MONTH,PMH
PAGEMAKER,PMK
PREMIUM,PMM
PARAMETER,PMR
PRIMARY_STND_PARTY_NUMBER,PMS
PERMITTED,PMT
PARAMETER_VALUE,PMV
#PROPORTION,PN
POINT_A,PNA
POINT_C,PNC
PENDING_DELIVERY,PND
PREDICTED_NETTED_EXPOSURE,PNE
PENDING,PNG
POTENTIAL,PNL
PARENT,PNT
PANVALET,PNV
POWER_OF_ATTORNEY,POA
POST_OFFICE_BOX,POB
POINT,POI
PERSISTENT_OBJECT,POJ
PROTOCOL,POL
PROPOSITION,PON
POOL,POO
POPULATION,POP
PORTFOLIO,POR
POSITION,POS
POSITIONED,POS
POSITIONING,POS
PORT,POT
POST_OVERNIGHT,POV
PARTICIPANT_PARAMETER,PPA
PREPROCESSING,PPC
PROPOSAL,PPL
PRESCRIPTION,PPN
PRE-APPROVED,PPP
PARI_PASSU,PPS
PROPERTY,PPT
PREPAID,PPY
PERMANENT_QUEUE_EDIT,PQE
PQ_EDIT,PQE
#PRICE,PR
PRACTICE,PRA
PROBLEM,PRB
PROCESS,PRC
PROCESSED,PRC
PRODUCT,PRD
PREADVICE,PRE
PREFIX,PRF
PURGE,PRG
PRIORITY,PRI
PROJECT,PRJ
PROFIT_LOSS,PRL
PRIMARY,PRM
PRINCIPAL,PRN
PROCESSING,PRO
PREPARATION,PRP
PREPARED,PRP
PREREQUISITE,PRQ
PRO_RATA,PRR
PERSONAL,PRS
PRINT,PRT
PRINTED,PRT
PRINTER,PRT
PRINTING,PRT
PRIVATE,PRV
PROXIMITY,PRX
PERSISTENCE,PSC
PROPOSED,PSD
PARTICIPANT_SECURITY,PSE
PC_SHEET,PSH
PRE-SELECTED,PSL
PRE-SELECTION,PSL
PRESENTATION,PSN
PERSON,PSO
PROSPECTUS,PSP
PARSER,PSR
POST,PST
POSTAL,PST
POSITIVE,PSV
#PERCENTAGE,PT
PROCESSING_TOOL_PARAMETER,PTA
PROTECTION,PTC
POSTED,PTD
PARTNER,PTE
PRICE_TYPE_GROUP,PTG
PARENTHESIS,PTH
PARTIAL,PTL
PRO_RATA_REDEMPTION,PTM
PARTITION,PTN
PUT_OPTION,PTO
PRICE_TYPE,PTP
POINTER,PTR
PARTY,PTY
PSEUDO_TERMINAL_3,PT3
PUK,PUK
PURPOSE,PUR
PUT,PUT
PAR_VALUE,PVA
PROVISIONAL_CREDIT,PVC
PREVIOUS_DAY,PVD
PROVINCE,PVE
PROVIDED,PVI
PROVIDER,PVI
PRIVILEGE,PVL
PREVIOUS_MONTHS,PVM
PROVISIONAL,PVN
PREVIOUS,PVS
PREVENTION,PVT
PASSWORD,PWD
PREADVICE_EXTEND,PXN
PROXY,PXY
PAYMENT_CURRENCY,PYC
PAYROLL,PYL
PAYMENT,PYM
PARTY_ROLE,PYR
QUARTER_AVERAGE,QAV
QUALITY_CONTROL,QCL
QUOTATION_CONTROL,QCT
QUARTER_DAY_AVERAGE,QDA
QUALIFIER,QFR
QUALIFIED,QLF
QUALITY,QLY
QUARTER,QRT
QUARTERLY,QRT
QUERY,QRY
QUESTION,QST
QUARTER_END,QTE
QUANTITY,QTY
QUALIFICATION,QUA
QUEUE,QUE
QUICK,QUI
QUOTATION,QUO
QUOTED,QUO
QUIESCING,QUS
RAC_FUNCTION,RAC
RADICAL,RAD
RAISE,RAI
RACK,RAK
RETAIL,RAL
RANDOM_ACCESS_MEMORY,RAM
REPORTING_ARCHITECTURE,RAR
RATE,RAT
RELATIVE_BYTE_ADDRESS,RBA
REBALANCING,RBL
REBOOT,RBT
RISK_CONC_ANALYSIS,RCA
REGISTRY_OF_COMMERCE_BRU,RCB
RECORD_DATE,RCD
RECONCILE,RCE
RECONCILIATION,RCE
RACF,RCF
REACHED,RCH
RECLASSIFICATION,RCL
RECLAIM,RCM
RECOMMENDATION,RCN
RETROCESSION,RCO
RECIPIENT,RCP
REPORTING_CURRENCY,RCR
RECEIPT,RCT
REPORTING_CURRENCY_ONE,RCU
RECEIVABLE,RCV
RECEIVE,RCV
RECEIVED,RCV
RECEIVER,RCV
RECEIVING,RCV
REPORTING_CURRENCY_TWO,RCW
RECYCLE,RCY
RECYCLING,RCY
FIRST_REPORTING_CURRENCY,RC1
SECOND_REPORTING_CURRENCY,RC2
RECORD_DATE_BALANCE,RDB
RENDITION,RDI
REDEEMABLE,RDM
REDENOMINATED,RDN
REDENOMINATION,RDN
REDEMPTION,RDP
REDEPOSIT,RDS
RUN_DATE,RDT
RADIANZ,RDZ
REAL,REA
REBATE,REB
RECORD,REC
RECORDED,REC
RECORDING,REC
REDUCED,RED
REDUCTION,RED
READ,REE
REFERENCE,REF
REGION,REG
REINVESTMENT,REI
REJECT,REJ
REJECTED,REJ
REJECTION,REJ
RELATIONSHIP,REL
RELATIVE,REL
REMARK,REM
RENT,REN
RECTO,REO
REPAYMENT,REP
REQUEST,REQ
REQUESTED,REQ
RERUN,RER
RESIDENCE,RES
RESIDENCY,RES
RETENTION,RET
REVERSAL,REV
REFERENCE_ACCOUNT,RFA
RABL_FLAT_FEE,RFF
REFRESH,RFH
RECEIPT_FINAL_INFO,RFI
REFUND,RFN
RISK_FREE,RFR
REFUSAL,RFS
REFUSED,RFS
REORGANIZE,RGE
RIGHT,RGH
RIGHTS,RGH
REGULAR,RGL
REGULATION,RGL
RESIGNATION,RGN
REGROUP,RGR
REGISTERED,RGS
REGISTRAR,RGS
REGISTRATION,RGS
REHIRE,RHR
REMOTE_INSIDE_BOARD,RIB
RID,RID
RE-INJECT,RIJ
REIMBURSED,RIM
REIMBURSEMENT,RIM
RECEIPT_INSTRUCTION,RIN
REISSUE,RIS
REINSTATE,RIT
REKEY,RKY
REKEYED,RKY
RELATED_CODE,RLC
RELOAD,RLD
RELEASE,RLE
RELEASED,RLE
RECALL,RLL
REALIGNMENT,RLM
REALIGNMENT_IN,RLM
RELATION,RLN
RELATIONAL,RLN
REPLICATION,RLO
RELATED,RLT
ROLLOUT,RLU
RELEVANT,RLV
REALIZED,RLZ
REMAINING,RMA
REMINDER,RMD
REMINDING,RMD
RISK_MANAGEMENT,RMG
REMUNERATION,RMN
REMOTE,RMO
ROADMAP,RMP
REALIGNMENT_MNGT_SYSTEM,RMS
SEC_REALIGNM_TRANS,RMT
REMOVED,RMV
REPORT_MATRIX,RMX
ROUND,RND
ROUNDED,RND
ROUNDING,RND
RANGE,RNG
RANK,RNK
RANKING,RNK
ROUTING_DESCRIPTION,ROD
REPORT_OF_IRREGULARITY,ROI
ROLE,ROL
REOPENING,ROP
ROUTING_QUESTION,ROQ
ROUTER,ROR
ROUTING,ROR
ROUTING_SCRIPT,ROS
ROOT,ROT
ROUTINE,ROU
ROLLOVER,ROV
ROW,ROW
REPAIR,RPA
REPORTABLE,RPB
REPLACE,RPC
REPLACED,RPC
REPLACEMENT,RPC
REPORTED,RPD
REPEAT,RPE
REPEATING,RPE
REPETITION,RPE
REPORTING,RPG
REPURCHASE,RPH
REPORTING_INSTRUCTION,RPI
REPLY,RPL
REPORT_PARAMETER,RPM
REPRICING,RPN
REPO,RPO
REPRINT,RPR
REPORT,RPT
REQUESTED_BY,RQB
REQUIREMENT_DEPENDENCY,RQD
REQUEST_FOR_INVESTIGATION,RQI
REQUIRED,RQM
REQUIREMENT,RQM
REQUESTOR,RQR
REQUEST_TYPE,RQT
RECOURSE,RRE
ROLL,RRL
RELATIVE_RECORD_NUMBER,RRN
REROUTE,RRO
RECURRING,RRR
RESTART,RRT
RECRUITER,RRU
REPURCHASE_SERV_AGREEMENT,RSA
REASON_CODIFICATION,RSC
RESEND,RSD
RESET,RSE
RESEARCH,RSH
RISK,RSK
RESULT,RSL
RESULTING,RSM
REASON,RSN
RESPONSE,RSO
RESPOND,RSP
RESPONSIBILITY,RSP
RESPONSIBLE,RSP
RESOURCE,RSR
RESTORE,RST
RESERVATION,RSV
RESERVE,RSV
RESERVED,RSV
#RATE,RT
REPORT_APPLICATION,RTA
REMITTANCE_BANK,RTB
RETRACT,RTC
RETRACTABLE,RTC
REPORT_CODE,RTD
REMITTANCE,RTE
RATING,RTG
RETIREMENT,RTI
REAL_TIME_LINK,RTL
REAL-TIME,RTM
RATIO,RTO
RESTRICTED,RTR
RESTRICTING,RTR
RESTRICTION,RTR
ROTATE,RTT
ROTATION,RTT
RETURN,RTU
RETRY,RTY
RULE_CRITERIA,RUC
RULE,RUL
RULER,RUL
RUN,RUN
RUNNING,RUN
RUPTURE,RUP
RECUPERATE,RUR
RECUPERATION,RUR
RULE_VERSION,RUV
REVALUATION,RVA
RECOVERED,RVD
REVENUE,RVE
REVISED,RVI
REVISION,RVI
REVOCATION,RVK
REVOKED,RVK
REVENUE_VOLUME,RVL
REEVALUATION,RVN
REVENUE_OBJECT,RVO
RECOVER,RVR
RECOVERY,RVR
REVISE,RVS
REVIEW,RVW
REVIEW_DATE,RWD
SUBACCOUNT,SAC
SPREAD,SAD
SPACE,SAE
STAGE,SAG
SCALE,SAL
SAME,SAM
SUBANALYSIS,SAN
STANDARD_AND_POOR,SAP
SUB_APPLICATION,SAP
SAS,SAS
SATISFACTION,SAT
SATURDAY,SAT
SAVE,SAV
STORAGE_AREA_NETWORK,SAW
SUBDIVISION,SBD
SUB_FUND,SBF
SEC_BLOCK_INSTRUCTION,SBI
SUBJECT,SBJ
SUBLEDGER,SBL
$SUBSTITUTION,SBN
SUBSIDIARY,SBR
SUBSYSTEM,SBS
SUBTYPE,SBT
SCHEMA_A,SCA
SOURCE_BATCH,SCB
SECURITY_CASH_COLLATERAL,SCC
SCHEME_DETAIL,SCD
SOURCE,SCE
SCHEMA,SCH
SCHEME,SCH
SEC_CLEARING_INSTRUCTION,SCI
SUBCLASS,SCL
SYSTEM_COM,SCM
SCAN,SCN
SCARTO,SCO
SCOPE,SCP
SCREEN,SCR
SPECIAL_CARE_LIST,SCS
SEC_CLEARING_TRANSACTION,SCT
SECURE,SCU
SECURED,SCU
SECURITIES_ON_THE_WEB,SCW
SECRETARY,SCY
RABL_BORROWING,SDB
SECURITY_DOCUMENT,SDC
STARTING_DATE,SDD
STANDING_INSTRUCTION,SDI
RABL_LENDING,SDL
SUBSCRIBER_ID_MODULE,SDM
STANDARD_DEVIATION,SDN
SEDOL,SDO
SAME_DAY_REALIGNMENT,SDR
SAME_DAY_SETTLEMENT,SDS
SETTLED_ON_TIME,SDT
RABL,SDV
SECONDARY,SDY
SEASONING,SEA
SECURITY,SEC
SETTLED,SED
SEGMENT,SEG
SEALING,SEI
SELECTION,SEL
SEND,SEN
SENDER,SEN
SENDING,SEN
SENT,SEN
SET_ONE,SEO
SEPARATOR,SEP
SEQUENCE,SEQ
SEQUENCER,SEQ
SECTOR,SER
SESSION,SES
SECURITY_TRANSACTION,SET
SEVERITY,SEV
SEX,SEX
SETTLEMENT_TYPE,SEY
SEC_AND_FUTURES_AUTHORITY,SFA
SECOND_FORECAST,SFC
SUPPLEMENTARY_FEE,SFE
SAFETY,SFT
SOFTWARE,SFW
$SIGNAL,SGA
STRATEGIC,SGC
SINGLE,SGE
SEGA,SGG
STRENGTH,SGH
SEGLOOP,SGL
SIGN,SGN
SIGNING,SGN
SUBGROUP,SGP
SETTLEMENT_GROUP,SGR
SUGGESTED,SGS
SIGNATURE,SGT
SHARE_BALANCE,SHB
SHORT_CODE,SHC
SCHEDULE,SHD
SCHEDULED,SHD
SCHEDULER,SHD
SHEET,SHE
SHIFT,SHF
SHORTAGE,SHG
SHAREHOLDER,SHL
SHARELENDING,SHL
SHORT_POSITION,SHO
SHIPMENT,SHP
SHARE,SHR
SHORT,SHT
SHOWN,SHW
SIBLING,SIB
STANDARD_INDUSTRY_CLASS,SIC
SECURITY_IDENTIFICATION,SID
SITE,SIE
SIMPLE,SIM
SALES_TO_BE_INVOICED,SIN
SITUATION,SIT
SIXTH,SIX
SANITY,SIY
SKIP,SKI
SKILL,SKL
SAFEKEEPING,SKP
SERVICE_LEVEL_AGREEMENT,SLA
SALEABILITY,SLB
SLICE,SLC
SPECIALIZED_DEPOSITARY,SLD
SALE,SLE
SALES,SLE
SHELF,SLF
SECURITY_LENDING,SLG
SLASH,SLH
SECURITY_LENDING_INSTRUCT,SLI
SELL,SLL
SELLER,SLL
SELLING,SLL
SOLD,SLL
SECURITY_LINKAGE,SLN
SETTLEMENT_PROCESS,SLP
SOLICITATION,SLT
SLAVE,SLV
SALARY,SLY
SETTLEMENT_BOX,SMB
SCHEDULER_INFO_MANAGER,SMG
SMALL_INTEGER,SMI
SIMILAR,SML
SUM,SMM
SIMULATION,SMN
STAMP,SMP
SUMMER,SMR
SHORT_MEDIUM_TERM_NOTE,SMT
SIMULTANEOUS,SMU
SYSTEM_NTWRK_ARCHITECTURE,SNA
SINCE,SNC
SECOND,SND
SHARED_NETWORK_INTERFACE,SNI
SCENARIO,SNO
SENSITIVITY,SNS
SUPRANATIONAL,SNT
SENIORITY,SNY
SOCIAL,SOC
SUBORDINATION,SOD
SOGEI,SOG
SECURITY_OTHER_IDENTIF,SOI
SOLUTION,SOL
STOP,SOP
SPONSOR,SOR
SPOT,SOT
SOVEREIGN,SOV
SECURITY_PARAMETER,SPA
SERVICE_PRODUCT_ACTIVITY,SPB
$SPECIFICATION,SPC
SPECIFIC,SPC
SPEED,SPD
SPECIAL,SPE
STRIPPING,SPG
SPANISH,SPH
SPLIT,SPI
SPECIALIZED,SPL
SPECIMEN,SPM
STANDARD_PARTY_NUMBER,SPN
SPOOLING,SPO
SUPPLY,SPP
SEPTEMBER,SPR
SUPPRESS,SPS
SUPPORT,SPT
SPECULATION,SPU
SPECIAL_VALUE,SPV
SUPPLEMENTARY,SPY
#SECURITY_QUOTATION,SQ
STRUCTURED_QUERY_LANGUAGE,SQL
SQL_SERVER,SQS
SPOT_RATE,SRA
SECURITY_COLLATERAL,SRC
STORE,SRE
STORED,SRE
STRING,SRG
SEARCH,SRH
SEC_REALG_INSTRUCTION,SRI
STRIKE,SRK
SERIAL,SRL
STREAM,SRM
STRIPE,SRP
SURPRISE,SRS
SORT,SRT
SERVICE,SRV
SUNDRY,SRY
SECURITY_SUBSTITUTION,SSB
SUBSCRIBE,SSC
SUBSCRIBED,SSC
SUBSCRIBER,SSC
SUBSCRIPTION,SSC
SCHEDULED_SEC_ENTITLEMENT,SSE
SOCIAL_SECURITY_OFFICE,SSO
SUBSCRIPT,SSP
SUCCESSOR,SSR
SNAPSHOT,SST
STATISTIC,STA
STATIC,STB
STRUCTURE,STC
STRUCTURED,STC
STANDARD,STD
STATE,STE
STAFF,STF
STARTING,STG
SOUTH,STH
SEC_TRANS_INSTRUCTION,STI
STOCK,STK
SETTLEMENT,STL
STATEMENT,STM
STANDARD_NARRATIVE,STN
STORAGE,STO
DATA_PROCESSING_STEP,STP
STEP,STP
STREET,STR
START,STT
STARTED,STT
STARTUP,STT
STATUS,STU
STRATEGY,STY
SUB,SUB
SHUTDOWN,SUD
SUPER,SUE
SUPERIOR,SUE
SUFFIX,SUF
SUPPLIER_GROUP,SUG
SUMMARY,SUM
SUNDAY,SUN
SUPPLIER,SUP
SUSPENDED,SUS
SUSPENSE,SUS
SUBMIT,SUT
SUBMITTED,SUT
SECURITY_VALUE_ESTIMATION,SVE
SURVEILLANCE,SVL
SEVENTH,SVN
SERVER,SVR
SUPERVISOR,SVS
SWEDEN,SWD
SWIFT,SWI
SWAP,SWP
SWITCH,SWT
SWITCHING,SWT
STOCK_EXCHANGE,SXC
SERVICE_PRODUCT,SXP
SYSTEM_SLAB,SYB
SYNCHRONOUS,SYC
SYNDICATE,SYD
SYSTEM_SBI,SYI
STYLE,SYL
SYMBOL,SYM
SYNCHRONIZATION,SYN
SYNCHRONIZED,SYN
SYSTEM_PROCESS,SYP
SYSTEM,SYS
SYNCPOINT,SYT
SYSTEM_W,SYW
SIZE,SZE
TRANSFER_AGENT_ATTORNEY,TAA
TABLE,TAB
TAX_CLAIM,TAC
TAG,TAG
TAKEN,TAK
TACL,TAL
TAPE,TAP
TARIFF,TAR
TASK,TAS
TAX,TAX
TO_BE_AUTHORIZED,TBA
TO_BE_COMPLETED,TBC
TO_BE_CONTROLLED,TBC
TO_BE_FAXED,TBF
TO_BE_INSTALLED,TBI
TO_BE_PRINTED,TBP
TO_BE_RECONCILED,TBR
TABLESPACE,TBS
TRUNCATED,TCD
TEMPORARY_CREDIT_EXTENS,TCE
TRANSACTION_GROUP,TCG
TEMPORARY_CREDIT_LIMITAT,TCL
TCPIP,TCP
TO_BE_CREDITED,TCR
TWO_DAYS_DELAY,TDE
TRADITIONAL,TDL
TO_DATE,TDT
TODAY,TDY
TECHNICAL,TEC
TREE,TEE
TELEPHONE,TEL
TELEPHONY,TEL
TEAM,TEM
TAX_ENTITLED_POSITION,TEP
TERM,TER
TRANSFER_RATE,TFR
TRIGGERED,TGD
TRADE_GUARANTOR_ORG,TGO
TARGET,TGT
THIRD,THD
THEORETICAL,THE
THIRTEENTH,THH
THRESHOLD,THL
THEORETICAL_QUOTATION,THQ
THREAD,THR
THETA,THT
THURSDAY,THU
#TIME,TI
TIER,TIE
TIMING,TIM
TEST_INPUT,TIN
TIP,TIP
TIPS,TIP
TOKEN,TKN
TELEKURS,TLK
TELON,TLN
TRAILER,TLR
TELEX,TLX
TIME_AND_ATTENDANCE,TMA
TIME,TME
TRANSMISSION_FLAG,TMF
TIME_GAP,TMG
TRANSMIT,TMI
TIME_TO_LIVE,TML
TRANSMISSION,TMN
TIMEOUT,TMO
TEMPORARY,TMP
TOMORROW,TMR
TIMESTAMP,TMS
TIMESHEET,TMT
TRANSFER_AGENT,TNA
TANDEM,TND
TRAINING,TNG
TENOR,TNR
TO_BE,TOB
TOTAL_CLAIM,TOC
TOLERANCE,TOL
$TO,TOO
TOP,TOP
TRANSFER_OWN_RULE,TOR
TOTAL,TOT
TEMPLATE,TPL
TRANSFER_PRICE,TPR
TEMPORIS,TPS
TRANSPORT,TPT
THIRD_PARTY,TPY
TRACE,TRA
TRANSFER_BALANCE,TRB
TRANCHE,TRC
TRADABLE,TRD
TRADE,TRD
TRADING,TRD
TREATED,TRE
TREATMENT,TRE
TRANSFER,TRF
TRIGGER,TRG
TRIGGERING,TRG
TRIPLET,TRI
TRUNK,TRK
$TRANSLATION,TRL
TERMINAL,TRM
TRANSFER_IN,TRN
TRIPARTY,TRP
TAX_REFUND_REQUEST,TRR
TRANSACTION,TRS
TRANSIT,TRT
TRANSITION,TRT
TRANSITORY,TRT
TRUST,TRU
TRAX,TRX
TRY,TRY
#TIMESTAMP,TS
THE_SECURITIES_ASSOC,TSA
TRANSIENT_DATA,TSD
TEMPORARY_STORAGE,TSG
TRANSHIPMENT,TSH
TESTKEY,TSK
TIME_SHARING_OPTION,TSO
TEST,TST
TELEX_SWIFT,TSW
TREASURY,TSY
TENTH,TTH
TRANSACTED_TYPE_INDICATOR,TTI
TITLE,TTL
TIME_TO_MATURITY,TTM
TIME_TRACKING_SYSTEM,TTS
TREATY,TTY
TURNAROUND,TUA
TUESDAY,TUE
TURNOVER,TUR
TRIWEB,TWB
TWENTY_FIRST,TWF
TWELFTH,TWH
TWO,TWO
TWENTY_SECOND,TWS
TWENTY_THIRD,TWT
#TEXT,TX
TAXABLE,TXB
TAX_PAYMENT,TXP
TEXT,TXT
TYPE,TYP
TREASURY_SHEET,TYS
USER_ACCESS_MANAGEMENT,UAM
UNPAID_BALANCE,UBL
UNCLASSIFIED,UCF
UNCONDITIONAL_CASH_MOVMNT,UCI
UNDATED,UDD
UNDERLINE,UDL
UNDERTAKING,UDT
UNEXECUTED,UEX
USEFUL,UFU
UNITED_KINGDOM_BACKUP,UKB
UK_GILT,UKG
UNKNOWN,UKN
UNLOAD,ULD
UNLISTED,ULI
UPLOADED_MOVEMENT,UMV
UNATTRIBUTED,UNA
UNBLOCKED,UNB
UNDER,UND
UNDERLYING,UNL
UNMATCHED,UNM
UNNAMED,UNN
UNPAID,UNP
$UNIQUE,UNQ
UNRECONCILED,UNR
UNSECURED,UNS
UNIT,UNT
UNAVAILABILITY,UNV
UNAVAILABLE,UNV
UNDERWRITING,UNW
UNIT_OF_DENOMINATION,UOD
UNIT_OF_RECOVERY,UOR
UNIT_OF_WORK,UOW
UNPUBLISHED,UPB
UPPERCASE,UPC
UPDATE,UPD
UPLOAD,UPL
UPLOADED,UPL
UPLOADING,UPL
UPPERMOST,UPP
UPPER,UPR
UPDATE_POINTERS,UPT
URGENT,URG
UNIFORM_RESOURCE_LOCATOR,URL
UPDATE_RULE,URU
UNITED_STATES,USA
UNITED_STATES_DOLLAR,USD
US_DOLLAR_FREE,USF
USAGE,USG
US_DOLLAR_OFFICIAL,USO
$USE,USR
USED,USR
USER,USR
UNSETTLED,UST
UP_TO_DATE,UTD
UTILITY,UTI
UNEXPLAINED,UXP
VARIANCE,VAC
VALUE_DATE_AFTER_RUNDATE,VAD
$VALUE,VAL
VARIABLE,VAR
VALUE_ADDED_TAX,VAT
VALUE_DATE_BEFORE_RUNDATE,VBD
VISUAL_BASIC,VBS
VOLUNTARY_CORP_ACTION,VCA
VOICE,VCE
VARCHAR,VCH
VERTICAL,VCL
VACATION,VCT
VALUE_DATED,VDT
VALIDITY,VDY
VERSION_CONTROL,VEC
VEGA,VEG
VENTILATION,VEN
VETO,VEO
VERIFICATION,VER
VERIFIER,VER
VERIFY,VER
VERSUS,VES
VIEW,VEW
VISUALAGE,VGE
VOUCHER,VHR
VISIBILITY,VIS
#VALUE,VL
VALUE_ADDED,VLA
VALID,VLD
VALIDATED,VLD
VALIDATION_INPUT,VLI
VALIDATION,VLN
VAULT,VLT
VALUATION,VLU
VENDOR,VND
VOLUME,VOL
VOTE,VOT
VOTING,VOT
VP_LINK,VPL
VIRTUAL_RESOURCE,VRC
VALIDATION_RULE,VRL
VARIABLE_RATE_NOTE,VRN
VERSO,VRO
VERSION,VRS
VIRTUAL,VRT
VALUE_RULE,VRU
VSAM,VSM
VISIO,VSO
VEST,VST
VESTING,VST
VOLATILITY,VTL
VARIATION,VTN
VOLUME_TEST,VTT
WAIT,WAI
WAITING_LIST,WAI
WATCHLIST,WAT
WORK_BREAKDOWN_STRUCTURE,WBS
WHATEVER_THE_DELAY,WDE
WIDTH,WDH
WITHDRAWAL,WDR
WINDOW,WDW
WEB,WEB
WEDNESDAY,WED
WEEK,WEK
WEEKLY,WEK
WELCOME,WEL
WAITING_FINAL_INFORMATION,WFI
WORKFLOW,WFL
WORKFLOW_MANAGER,WFM
WINGEST,WGS
WEIGHT,WGT
WEIGHTED,WGT
WITHHOLDING,WHL
WIRE,WIR
WIRE_TRANSFER,WIT
WEEKEND,WKE
WORKLOAD,WKL
WERTPAPIER_KENNNUMMER,WKN
WORKSTATION,WKS
WORLD,WLD
WARNED,WND
WARNING,WNG
WINDOWS_NT,WNT
WITHOUT,WOT
WEB_PUBLISHING,WPB
WORD,WRD
WRITE,WRI
WORK,WRK
WORKING,WRK
WARRANT,WRT
WORST_CASE,WSC
WORKSHEET,WSH
WHOLESALE,WSL
WORST,WST
WITH,WTH
WINTER,WTR
WORK_WITH,WWH
WORLD_WIDE_NAME,WWN
WATCH_WORD,WWO
WORLD_WIDE_WEB,WWW
EXAM,XAM
EXAMINATION,XAM
EXCEPTION,XCP
EXACT,XCT
EXCEL_SHEET,XLS
EXTENDED_MARKUP_LANGUAGE,XML
XPATH,XPH
EXAMPLE,XPL
EXPANSION,XPN
EXPERT,XPR
EXPERTISE,XPR
CROSS_PLATFORM_SCHEDULER,XPS
EXPONENTIAL,XPT
CROSS_REFERENCE,XRF
EXTERNAL_STATUS,XST
X25,X25
YESTERDAY,YDY
YEAR,YEA
YEARLY,YEA
YIELD,YLD
YEAR_MONTH_BASIS,YMB
YEAR_TO_DATE,YTD
YOU_WILL_RECEIVE,YWR
YEAR_TWO_THOUSAND,Y2K
ZERO,ZER
ZIP,ZIP
ZONE,ZNE
